ano;inercia;tensao_C;jogando_bem_daqui_C;comprando_sem_conter_daqui_C;largando_tudo_daqui_C;melhor_medalha_possivel;desfecho_de_quem_larga;apoio_medio
2025;0,0;0,8457;2,5196;2,5170;3,3653;Bronze;derrota;50,00
2026;0,0;0,8457;2,5196;2,5170;3,3653;Bronze;derrota;48,50
2027;0,0;0,8457;2,5196;2,5170;3,3653;Bronze;derrota;46,94
2028;0,0;0,8457;2,5196;2,5170;3,3653;Bronze;derrota;45,38
2029;0,0;0,8432;2,5196;2,5170;3,3627;Bronze;derrota;51,88
2030;0,0;0,8432;2,5196;2,5170;3,3627;Bronze;derrota;50,38
2031;0,0;0,8432;2,5196;2,5170;3,3627;Bronze;derrota;48,81
2032;0,0;0,8432;2,5196;2,5170;3,3627;Bronze;derrota;47,31
2033;0,0;0,5415;2,5196;2,5170;3,0611;Bronze;derrota;45,59
2034;0,0;0,5415;2,5196;2,5170;3,0611;Bronze;derrota;43,88
2035;0,0;0,5415;2,5196;2,5170;3,0611;Bronze;derrota;42,22
2036;0,0;0,3622;2,5196;2,5170;2,8818;Bronze;nenhuma;40,72
2037;0,0;0,3622;2,5196;2,5170;2,8818;Bronze;nenhuma;38,75
2038;0,0;0,3622;2,5196;2,5170;2,8818;Bronze;nenhuma;37,19
2039;0,0;0,3622;2,5196;2,5170;2,8818;Bronze;nenhuma;35,69
2040;0,0;0,2564;2,5196;2,5170;2,7760;Bronze;nenhuma;36,94
2041;0,0;0,2564;2,5196;2,5170;2,7760;Bronze;nenhuma;35,22
2042;0,0;0,2564;2,5196;2,5170;2,7760;Bronze;nenhuma;33,59
2043;0,0;0,1742;2,5196;2,5170;2,6937;Bronze;derrota;31,96
2044;0,5;0,1742;2,5196;2,5170;2,6937;Bronze;derrota;30,70
2045;1,2;0,1742;2,5196;2,5170;2,6937;Bronze;derrota;29,64
2046;2,2;0,1742;2,5196;2,5170;2,6937;Bronze;derrota;28,80
2047;3,3;0,1742;2,5196;2,5170;2,6937;Bronze;derrota;27,79
2048;4,8;0,1742;2,5196;2,5170;2,6937;Bronze;derrota;27,03
2049;6,3;0,1742;2,5196;2,5170;2,6937;Bronze;derrota;26,23
2050;1,5;0,1714;2,5196;2,5170;2,6910;Bronze;derrota;25,52
2051;3,5;0,1714;2,5196;2,5170;2,6910;Bronze;derrota;24,96
2052;5,5;0,1714;2,5196;2,5170;2,6910;Bronze;derrota;24,10
2053;7,5;0,1714;2,5196;2,5170;2,6910;Bronze;derrota;23,61
2054;9,5;0,1714;2,5196;2,5170;2,6910;Bronze;derrota;23,36
2055;11,8;0,1022;2,5196;2,5170;2,6217;Bronze;derrota;22,97
2056;14,3;0,1022;2,5196;2,5170;2,6217;Bronze;derrota;22,91
2057;16,7;0,1022;2,5196;2,5170;2,6217;Bronze;derrota;22,48
2058;19,2;0,1022;2,5196;2,5170;2,6217;Bronze;derrota;22,14
2059;21,6;0,1022;2,5196;2,5170;2,6217;Bronze;derrota;21,87
2060;24,5;0,0534;2,5196;2,5170;2,5730;Bronze;derrota;21,41
2061;27,4;0,0534;2,5196;2,5170;2,5730;Bronze;derrota;20,57
2062;30,3;0,0534;2,5196;2,5170;2,5730;Bronze;derrota;20,11
2063;33,2;0,0534;2,5196;2,5170;2,5730;Bronze;derrota;19,56
2064;36,1;0,0534;2,5196;2,5170;2,5730;Bronze;derrota;19,04
2065;39,2;0,0280;2,5196;2,5170;2,5476;Bronze;derrota;18,77
2066;42,4;0,0280;2,5196;2,5170;2,5476;Bronze;derrota;18,13
2067;45,7;0,0280;2,5196;2,5170;2,5476;Bronze;derrota;17,49
2068;48,9;0,0280;2,5196;2,5170;2,5476;Bronze;derrota;16,74
2069;52,2;0,0280;2,5196;2,5170;2,5476;Bronze;derrota;16,07
2070;55,5;0,0134;2,5196;2,5170;2,5330;Bronze;Bronze;19,58
2071;59,1;0,0134;2,5196;2,5170;2,5330;Bronze;Bronze;18,87
2072;62,6;0,0134;2,5196;2,5170;2,5330;Bronze;Bronze;17,84
2073;66,2;0,0134;2,5196;2,5170;2,5330;Bronze;Bronze;17,02
2074;69,7;0,0134;2,5196;2,5170;2,5330;Bronze;Bronze;15,89
2075;48,3;0,0123;2,5196;2,5189;2,5318;Bronze;Bronze;15,29
2076;51,8;0,0123;2,5196;2,5189;2,5318;Bronze;Bronze;14,23
2077;55,4;0,0123;2,5196;2,5189;2,5318;Bronze;Bronze;13,48
2078;59,2;0,0049;2,5196;2,5189;2,5245;Bronze;Bronze;12,65
2079;63,0;0,0049;2,5196;2,5189;2,5245;Bronze;Bronze;12,09
2080;66,9;0,0049;2,5196;2,5189;2,5245;Bronze;Bronze;11,37
2081;45,7;0,0042;2,5196;2,5195;2,5238;Bronze;Bronze;10,75
2082;49,6;0,0042;2,5196;2,5195;2,5238;Bronze;Bronze;10,02
2083;53,4;0,0042;2,5196;2,5195;2,5238;Bronze;Bronze;9,34
2084;57,3;0,0042;2,5196;2,5195;2,5238;Bronze;Bronze;8,92
2085;61,4;0,0010;2,5196;2,5195;2,5205;Bronze;Bronze;8,15
2086;65,6;0,0010;2,5196;2,5195;2,5205;Bronze;Bronze;7,47
2087;69,7;0,0010;2,5196;2,5195;2,5205;Bronze;Bronze;6,71
2088;48,9;0,0007;2,5196;2,5196;2,5202;Bronze;Bronze;6,23
2089;53,0;0,0007;2,5196;2,5196;2,5202;Bronze;Bronze;5,67
2090;57,2;0,0007;2,5196;2,5196;2,5202;Bronze;Bronze;4,99
2091;61,3;0,0007;2,5196;2,5196;2,5202;Bronze;Bronze;4,48
2092;65,6;0,0001;2,5196;2,5196;2,5196;Bronze;Bronze;7,70
2093;69,9;0,0001;2,5196;2,5196;2,5196;Bronze;Bronze;6,69
2094;49,3;0,0000;2,5196;2,5196;2,5196;Bronze;Bronze;5,71
2095;53,6;0,0000;2,5196;2,5196;2,5196;Bronze;Bronze;5,10
2096;58,0;0,0000;2,5196;2,5196;2,5196;Bronze;Bronze;4,54
2097;62,3;0,0000;2,5196;2,5196;2,5196;Bronze;Bronze;4,27
2098;66,7;0,0000;2,5196;2,5196;2,5196;Bronze;Bronze;3,84
2099;46,0;0,0000;2,5196;2,5196;2,5196;Bronze;Bronze;3,39
2100;50,4;0,0000;2,5196;2,5196;2,5196;Bronze;Bronze;3,01
