estrategia;ano;temperatura_C;emissoes_Gt_ano;co2_acumulado_Gt;pac_em_caixa;pac_por_ano;nos_comprados;apoio_medio;comprou_no_ano
nada;2025;1,3700;40,753;0,0;0,0;10,0;0;50,00;
nada;2026;1,3884;41,132;40,9;10,0;10,0;0;48,50;
nada;2027;1,4070;41,515;82,2;20,0;10,0;0;46,94;
nada;2028;1,4258;41,901;123,9;30,0;10,0;0;45,38;
nada;2029;1,4447;42,290;166,0;40,0;10,0;0;43,88;
nada;2030;1,4638;42,684;208,5;50,0;10,0;0;42,38;
nada;2031;1,4831;43,081;251,3;60,0;10,0;0;40,81;
nada;2032;1,5026;43,481;294,6;70,0;10,0;0;39,31;
nada;2033;1,5222;43,886;338,3;79,5;10,0;0;37,59;
nada;2034;1,5421;44,294;382,3;89,0;10,0;0;35,88;
nada;2035;1,5621;44,706;426,8;98,5;10,0;0;34,22;
nada;2036;1,5823;45,121;471,7;108,5;10,0;0;32,72;
nada;2037;1,6027;45,541;517,0;117,0;10,0;0;30,79;
nada;2038;1,6232;45,965;562,8;127,0;10,0;0;29,67;
nada;2039;1,6440;46,392;608,9;137,0;10,0;0;28,70;
nada;2040;1,6650;46,823;655,5;146,0;10,0;0;27,62;
nada;2041;1,6861;47,259;702,5;155,5;10,0;0;26,75;
nada;2042;1,7075;47,699;750,0;164,5;10,0;0;26,10;
nada;2043;1,7291;48,143;797,9;172,0;10,0;0;25,41;
nada;2044;1,7508;48,591;846,2;181,0;10,0;0;24,87;
nada;2045;1,7728;49,045;895,0;190,5;10,0;0;24,42;
nada;2046;1,7949;49,503;944,3;200,5;10,0;0;24,17;
nada;2047;1,8173;49,966;994,0;209,5;10,0;0;23,84;
nada;2048;1,8399;50,433;1044,2;218,5;10,0;0;23,64;
nada;2049;1,8627;50,906;1094,8;227,0;10,0;0;23,28;
nada;2050;1,8857;51,383;1146,0;235,0;10,0;0;22,89;
nada;2051;1,9089;51,866;1197,6;244,5;10,0;0;22,71;
nada;2052;1,9323;52,353;1249,7;251,5;10,0;0;21,94;
nada;2053;1,9560;52,846;1302,2;260,0;10,0;0;21,70;
nada;2054;1,9799;53,344;1355,3;269,0;10,0;0;21,48;
nada;2055;2,0040;53,847;1408,9;278,5;10,0;0;21,17;
nada;2056;2,0283;54,355;1462,9;286,5;10,0;0;20,63;
nada;2057;2,0529;54,869;1517,5;296,0;10,0;0;20,44;
nada;2058;2,0777;55,388;1572,6;305,0;10,0;0;20,15;
nada;2059;2,1027;55,912;1628,3;313,0;10,0;0;19,74;
nada;2060;2,1280;56,442;1684,4;320,5;10,0;0;19,22;
nada;2061;2,1535;56,978;1741,1;328,0;10,0;0;18,65;
nada;2062;2,1792;57,519;1798,3;335,0;10,0;0;18,10;
nada;2063;2,2052;58,066;1856,1;343,5;10,0;0;17,83;
nada;2064;2,2315;58,619;1914,4;352,0;10,0;0;17,24;
nada;2065;2,2580;59,178;1973,3;361,0;10,0;0;16,75;
nada;2066;2,2847;59,743;2032,7;368,5;10,0;0;16,10;
nada;2067;2,3117;60,313;2092,7;376,5;10,0;0;15,41;
nada;2068;2,3390;60,890;2153,3;384,0;10,0;0;14,94;
nada;2069;2,3665;61,473;2214,4;393,0;10,0;0;14,63;
nada;2070;2,3943;62,062;2276,1;400,0;10,0;0;14,06;
nada;2071;2,4223;62,657;2338,5;406,5;10,0;0;13,21;
nada;2072;2,4506;63,259;2401,4;413,0;10,0;0;12,38;
nada;2073;2,4792;63,867;2464,9;419,5;10,0;0;11,56;
nada;2074;2,5081;64,481;2529,1;426,5;10,0;0;10,98;
nada;2075;2,5372;65,102;2593,8;433,0;10,0;0;9,93;
nada;2076;2,5666;65,730;2659,2;437,5;10,0;0;8,94;
nada;2077;2,5963;66,364;2725,2;445,0;10,0;0;8,45;
nada;2078;2,6263;67,006;2791,8;453,0;10,0;0;7,80;
nada;2079;2,6566;67,654;2859,1;459,0;10,0;0;6,99;
nada;2080;2,6872;68,309;2927,1;468,0;10,0;0;6,18;
nada;2081;2,7181;68,971;2995,7;474,5;10,0;0;5,71;
nada;2082;2,7492;69,640;3064,9;479,5;10,0;0;5,01;
nada;2083;2,7807;70,317;3134,9;486,0;10,0;0;4,43;
nada;2084;2,8125;71,000;3205,5;489,5;10,0;0;3,60;
nada;2085;2,8446;71,691;3276,8;496,0;10,0;0;3,19;
nada;2086;2,8770;72,390;3348,8;501,5;10,0;0;2,95;
nada;2087;2,9097;73,096;3421,5;508,5;10,0;0;2,64;
nada;2088;2,9427;73,809;3494,9;517,0;10,0;0;2,40;
nada;2089;2,9761;74,531;3569,0;520,5;10,0;0;2,15;
nada;2090;3,0097;75,260;3643,9;525,5;10,0;0;1,74;
nada;2091;3,0438;75,997;3719,4;532,5;10,0;0;1,53;
nada;2092;3,0781;76,742;3795,8;538,0;10,0;0;1,33;
nada;2093;3,1128;77,495;3872,8;542,0;10,0;0;1,13;
nada;2094;3,1478;78,256;3950,7;547,0;10,0;0;1,00;
nada;2095;3,1832;79,026;4029,3;553,5;10,0;0;0,78;
nada;2096;3,2189;79,804;4108,6;559,5;10,0;0;0,66;
nada;2097;3,2549;80,590;4188,8;566,0;10,0;0;0,56;
nada;2098;3,2914;81,385;4269,7;572,5;10,0;0;0,34;
nada;2099;3,3281;82,189;4351,4;579,5;10,0;0;0,18;
nada;2100;3,3653;83,001;4434,0;585,5;10,0;0;0,17;
melhor;2025;1,3700;40,753;0,0;0,0;10,0;0;50,00;
melhor;2026;1,3884;41,132;40,9;10,0;10,0;0;48,50;
melhor;2027;1,4070;41,515;82,2;20,0;10,0;0;46,94;
melhor;2028;1,4258;41,901;123,9;30,0;10,0;0;45,38;
melhor;2029;1,4447;42,290;166,0;0,0;10,0;1;43,88;solar
melhor;2030;1,4638;42,470;208,4;10,0;10,0;1;42,38;
melhor;2031;1,4829;42,651;250,9;20,0;10,0;1;40,81;
melhor;2032;1,5021;42,832;293,7;30,0;10,0;1;39,31;
melhor;2033;1,5215;43,014;336,6;39,5;10,0;1;37,59;
melhor;2034;1,5408;43,038;379,6;9,0;10,0;2;35,88;industrial-efficiency
melhor;2035;1,5602;43,047;422,7;18,5;10,0;2;34,22;
melhor;2036;1,5796;43,057;465,7;28,5;10,0;2;32,72;
melhor;2037;1,5989;43,066;508,8;37,0;10,0;2;30,79;
melhor;2038;1,6183;42,988;551,8;7,0;10,0;3;32,36;transit
melhor;2039;1,6376;42,868;594,7;17,0;10,0;3;30,88;
melhor;2040;1,6569;42,748;637,6;26,0;10,0;3;29,59;
melhor;2041;1,6761;42,628;680,2;35,5;10,0;3;28,54;
melhor;2042;1,6953;42,446;722,8;5,5;10,0;4;27,59;reforestation
melhor;2043;1,7143;42,201;765,1;13,3;10,0;4;26,66;
melhor;2044;1,7333;41,959;807,2;22,4;10,0;4;25,96;
melhor;2045;1,7521;41,720;849,1;31,9;10,0;4;25,44;
melhor;2046;1,7708;41,484;890,7;41,9;10,0;4;25,11;
melhor;2047;1,7894;41,251;932,1;51,0;10,0;4;24,60;
melhor;2048;1,8079;41,021;973,2;59,7;10,0;4;24,02;
melhor;2049;1,8263;40,794;1014,1;67,9;10,0;4;23,57;
melhor;2050;1,8446;40,431;1054,7;7,4;10,0;5;23,23;wind
melhor;2051;1,8627;40,027;1095,0;16,1;10,0;5;22,88;
melhor;2052;1,8807;39,629;1134,8;25,2;10,0;5;22,19;
melhor;2053;1,8984;39,238;1174,3;32,9;10,0;5;21,76;
melhor;2054;1,9160;38,851;1213,3;42,9;10,0;5;21,57;
melhor;2055;1,9334;38,471;1252,0;52,0;10,0;5;21,14;
melhor;2056;1,9506;38,096;1290,3;62,0;10,0;5;20,98;
melhor;2057;1,9677;37,712;1328,2;1,1;10,0;6;20,46;storage
melhor;2058;1,9845;37,178;1365,6;10,7;10,0;6;20,03;
melhor;2059;2,0012;36,652;1402,6;20,2;10,0;6;19,69;
melhor;2060;2,0175;36,137;1439,0;28,4;10,0;6;19,15;
melhor;2061;2,0337;35,631;1474,8;35,3;10,0;6;18,21;
melhor;2062;2,0496;35,133;1510,2;43,9;10,0;6;17,66;
melhor;2063;2,0653;34,645;1545,1;51,2;10,0;6;17,01;
melhor;2064;2,0808;34,166;1579,5;59,4;10,0;6;16,39;
melhor;2065;2,0961;33,695;1613,5;69,0;10,0;6;16,03;
melhor;2066;2,1111;33,133;1646,9;7,6;10,0;7;15,29;ev-fleet
melhor;2067;2,1259;32,564;1679,7;15,4;10,0;7;14,56;
melhor;2068;2,1404;32,006;1712,0;23,6;10,0;7;13,72;
melhor;2069;2,1547;31,460;1743,8;32,7;10,0;7;12,96;
melhor;2070;2,1687;30,925;1775,0;41,8;10,0;7;12,37;
melhor;2071;2,1825;30,401;1805,6;49,5;10,0;7;11,57;
melhor;2072;2,1961;29,888;1835,8;58,2;10,0;7;10,74;
melhor;2073;2,2094;29,386;1865,4;65,9;10,0;7;9,71;
melhor;2074;2,2225;28,849;1894,5;4,1;10,0;8;12,77;regen-agriculture
melhor;2075;2,2354;28,281;1923,1;9,6;10,0;8;11,68;
melhor;2076;2,2480;27,725;1951,1;18,3;10,0;8;10,53;
melhor;2077;2,2603;27,183;1978,5;25,6;10,0;8;9,53;
melhor;2078;2,2725;26,652;2005,5;32,9;10,0;8;8,51;
melhor;2079;2,2843;26,131;2031,8;41,5;10,0;8;7,77;
melhor;2080;2,2960;25,621;2057,7;50,2;10,0;8;6,96;
melhor;2081;2,3074;25,121;2083,1;58,4;10,0;8;6,39;
melhor;2082;2,3186;24,630;2108,0;67,9;10,0;8;5,49;
melhor;2083;2,3295;24,093;2132,3;7,5;10,0;9;4,92;circular-economy
melhor;2084;2,3403;23,550;2156,1;15,2;10,0;9;4,32;
melhor;2085;2,3507;23,019;2179,4;22,5;10,0;9;3,69;
melhor;2086;2,3610;22,499;2202,2;30,7;10,0;9;3,26;
melhor;2087;2,3710;21,992;2224,4;38,9;10,0;9;2,66;
melhor;2088;2,3808;21,495;2246,2;45,8;10,0;9;2,18;
melhor;2089;2,3903;21,011;2267,4;54,0;10,0;9;1,84;
melhor;2090;2,3997;20,537;2288,2;63,1;10,0;9;1,59;
melhor;2091;2,4088;20,063;2308,5;1,7;10,0;10;1,32;green-steel
melhor;2092;2,4177;19,549;2328,3;9,5;10,0;10;0,91;
melhor;2093;2,4264;19,049;2347,6;16,3;10,0;10;0,72;
melhor;2094;2,4349;18,561;2366,4;21,8;10,0;10;0,18;
melhor;2095;2,4431;18,086;2384,8;29,6;10,0;10;0,12;
melhor;2096;2,4512;17,623;2402,6;37,3;10,0;10;0,06;
melhor;2097;2,4590;17,172;2420,0;42,8;10,0;10;0,00;
melhor;2098;2,4666;16,733;2437,0;49,2;10,0;10;0,00;
melhor;2099;2,4741;16,305;2453,5;55,6;10,0;10;0,00;
melhor;2100;2,4813;15,887;2469,6;62,0;10,0;10;0,00;
sociedade-cedo;2025;1,3700;40,753;0,0;0,0;10,0;0;50,00;
sociedade-cedo;2026;1,3884;41,132;40,9;10,0;10,0;0;48,50;
sociedade-cedo;2027;1,4070;41,515;82,2;20,0;10,0;0;46,94;
sociedade-cedo;2028;1,4258;41,901;123,9;30,0;10,0;0;45,38;
sociedade-cedo;2029;1,4447;42,290;166,0;0,0;12,0;1;51,88;climate-education
sociedade-cedo;2030;1,4638;42,684;208,5;12,0;12,0;1;50,38;
sociedade-cedo;2031;1,4831;43,081;251,3;24,0;12,0;1;48,81;
sociedade-cedo;2032;1,5026;43,481;294,6;36,0;12,0;1;47,31;
sociedade-cedo;2033;1,5222;43,757;338,2;7,5;12,0;2;45,59;solar
sociedade-cedo;2034;1,5419;43,944;382,1;19,0;12,0;2;43,88;
sociedade-cedo;2035;1,5617;44,130;426,1;30,5;12,0;2;42,22;
sociedade-cedo;2036;1,5816;44,288;470,3;2,5;12,0;3;40,72;industrial-efficiency
sociedade-cedo;2037;1,6016;44,298;514,6;13,0;12,0;3;38,75;
sociedade-cedo;2038;1,6215;44,308;558,9;25,0;12,0;3;37,19;
sociedade-cedo;2039;1,6415;44,317;603,2;37,0;12,0;3;35,69;
sociedade-cedo;2040;1,6614;44,237;647,5;8,0;12,0;4;36,94;transit
sociedade-cedo;2041;1,6813;44,113;691,7;19,5;12,0;4;35,22;
sociedade-cedo;2042;1,7011;43,989;735,8;31,5;12,0;4;33,59;
sociedade-cedo;2043;1,7209;43,843;779,7;1,1;12,0;5;31,96;reforestation
sociedade-cedo;2044;1,7405;43,587;823,4;12,2;12,0;5;30,70;
sociedade-cedo;2045;1,7601;43,334;866,9;23,8;12,0;5;29,64;
sociedade-cedo;2046;1,7795;43,083;910,1;35,8;12,0;5;28,80;
sociedade-cedo;2047;1,7989;42,834;953,1;46,9;12,0;5;27,79;
sociedade-cedo;2048;1,8181;42,588;995,8;57,5;12,0;5;27,03;
sociedade-cedo;2049;1,8372;42,345;1038,3;68,2;12,0;5;26,23;
sociedade-cedo;2050;1,8562;42,099;1080,5;11,3;15,0;6;25,52;treaties
sociedade-cedo;2051;1,8751;41,856;1122,5;25,4;15,0;6;24,96;
sociedade-cedo;2052;1,8939;41,616;1164,2;39,5;15,0;6;24,10;
sociedade-cedo;2053;1,9126;41,379;1205,7;52,3;15,0;6;23,61;
sociedade-cedo;2054;1,9312;41,145;1247,0;67,3;15,0;6;23,36;
sociedade-cedo;2055;1,9496;40,774;1288,0;11,3;15,0;7;22,97;wind
sociedade-cedo;2056;1,9679;40,362;1328,6;26,3;15,0;7;22,91;
sociedade-cedo;2057;1,9859;39,957;1368,7;40,4;15,0;7;22,48;
sociedade-cedo;2058;2,0038;39,557;1408,5;55,0;15,0;7;22,14;
sociedade-cedo;2059;2,0215;39,163;1447,9;69,1;15,0;7;21,87;
sociedade-cedo;2060;2,0391;38,613;1486,8;12,3;15,0;8;21,41;storage
sociedade-cedo;2061;2,0563;38,057;1525,1;24,1;15,0;8;20,57;
sociedade-cedo;2062;2,0733;37,512;1562,9;37,8;15,0;8;20,11;
sociedade-cedo;2063;2,0901;36,977;1600,2;50,1;15,0;8;19,56;
sociedade-cedo;2064;2,1066;36,451;1636,9;63,3;15,0;8;19,04;
sociedade-cedo;2065;2,1229;35,871;1673,1;7,8;15,0;9;18,77;ev-fleet
sociedade-cedo;2066;2,1389;35,239;1708,7;21,5;15,0;9;18,13;
sociedade-cedo;2067;2,1546;34,620;1743,6;34,3;15,0;9;17,49;
sociedade-cedo;2068;2,1701;34,014;1777,9;47,4;15,0;9;16,74;
sociedade-cedo;2069;2,1852;33,421;1811,7;61,5;15,0;9;16,07;
sociedade-cedo;2070;2,2002;32,799;1844,8;5,6;15,0;10;19,58;regen-agriculture
sociedade-cedo;2071;2,2148;32,132;1877,3;18,4;15,0;10;18,87;
sociedade-cedo;2072;2,2291;31,481;1909,1;30,2;15,0;10;17,84;
sociedade-cedo;2073;2,2431;30,845;1940,2;43,0;15,0;10;17,02;
sociedade-cedo;2074;2,2569;30,225;1970,8;53,9;15,0;10;15,89;
sociedade-cedo;2075;2,2703;29,619;2000,7;66,7;15,0;10;15,16;
sociedade-cedo;2076;2,2835;28,960;2030,0;10,3;15,0;11;13,98;circular-economy
sociedade-cedo;2077;2,2964;28,296;2058,6;22,2;15,0;11;13,10;
sociedade-cedo;2078;2,3090;27,649;2086,6;34,0;15,0;11;12,14;
sociedade-cedo;2079;2,3213;27,019;2114,0;48,6;15,0;11;11,46;
sociedade-cedo;2080;2,3333;26,405;2140,7;61,8;15,0;11;10,61;
sociedade-cedo;2081;2,3450;25,781;2166,8;5,0;15,0;12;9,86;green-steel
sociedade-cedo;2082;2,3565;25,121;2192,2;20,0;15,0;12;8,88;
sociedade-cedo;2083;2,3677;24,478;2217,0;32,7;15,0;12;7,96;
sociedade-cedo;2084;2,3785;23,852;2241,2;47,3;15,0;12;7,31;
sociedade-cedo;2085;2,3891;23,241;2264,7;59,1;15,0;12;6,52;
sociedade-cedo;2086;2,3995;22,639;2287,7;1,9;15,0;13;9,62;active-travel
sociedade-cedo;2087;2,4095;22,013;2310,0;15,1;15,0;13;8,48;
sociedade-cedo;2088;2,4193;21,405;2331,7;27,8;15,0;13;7,61;
sociedade-cedo;2089;2,4288;20,814;2352,9;41,0;15,0;13;6,83;
sociedade-cedo;2090;2,4380;20,239;2373,4;54,7;15,0;13;5,96;
sociedade-cedo;2091;2,4470;19,681;2393,3;68,3;15,0;13;5,27;
sociedade-cedo;2092;2,4557;19,112;2412,7;11,8;15,0;14;4,45;mangroves
sociedade-cedo;2093;2,4642;18,555;2431,6;24,4;15,0;14;3,81;
sociedade-cedo;2094;2,4724;18,015;2449,9;35,9;15,0;14;3,24;
sociedade-cedo;2095;2,4804;17,490;2467,6;49,1;15,0;14;2,90;
sociedade-cedo;2096;2,4882;16,980;2484,9;61,7;15,0;14;2,49;
sociedade-cedo;2097;2,4957;16,486;2501,6;74,2;15,0;14;2,30;
sociedade-cedo;2098;2,5030;16,005;2517,9;86,1;15,0;14;2,05;
sociedade-cedo;2099;2,5101;15,539;2533,6;98,3;15,0;14;1,64;
sociedade-cedo;2100;2,5170;15,086;2549,0;110,1;15,0;14;1,41;
tarde;2025;1,3700;40,753;0,0;0,0;10,0;0;50,00;
tarde;2026;1,3884;41,132;40,9;10,0;10,0;0;48,50;
tarde;2027;1,4070;41,515;82,2;20,0;10,0;0;46,94;
tarde;2028;1,4258;41,901;123,9;30,0;10,0;0;45,38;
tarde;2029;1,4447;42,290;166,0;40,0;10,0;0;43,88;
tarde;2030;1,4638;42,684;208,5;50,0;10,0;0;42,38;
tarde;2031;1,4831;43,081;251,3;60,0;10,0;0;40,81;
tarde;2032;1,5026;43,481;294,6;70,0;10,0;0;39,31;
tarde;2033;1,5222;43,886;338,3;79,5;10,0;0;37,59;
tarde;2034;1,5421;44,294;382,3;89,0;10,0;0;35,88;
tarde;2035;1,5621;44,706;426,8;98,5;10,0;0;34,22;
tarde;2036;1,5823;45,121;471,7;108,5;10,0;0;32,72;
tarde;2037;1,6027;45,541;517,0;117,0;10,0;0;30,79;
tarde;2038;1,6232;45,965;562,8;127,0;10,0;0;29,67;
tarde;2039;1,6440;46,392;608,9;137,0;10,0;0;28,70;
tarde;2040;1,6650;46,823;655,5;146,0;10,0;0;27,62;
tarde;2041;1,6861;47,259;702,5;155,5;10,0;0;26,75;
tarde;2042;1,7075;47,699;750,0;164,5;10,0;0;26,10;
tarde;2043;1,7291;48,143;797,9;172,0;10,0;0;25,41;
tarde;2044;1,7508;48,591;846,2;181,0;10,0;0;24,87;
tarde;2045;1,7728;49,045;895,0;190,5;10,0;0;24,42;
tarde;2046;1,7949;49,503;944,3;200,5;10,0;0;24,17;
tarde;2047;1,8173;49,966;994,0;209,5;10,0;0;23,84;
tarde;2048;1,8399;50,433;1044,2;218,5;10,0;0;23,64;
tarde;2049;1,8627;50,906;1094,8;227,0;10,0;0;23,28;
tarde;2050;1,8857;51,383;1146,0;235,0;10,0;0;22,89;
tarde;2051;1,9089;51,866;1197,6;244,5;10,0;0;22,71;
tarde;2052;1,9323;52,353;1249,7;251,5;10,0;0;21,94;
tarde;2053;1,9560;52,846;1302,2;260,0;10,0;0;21,70;
tarde;2054;1,9799;53,344;1355,3;269,0;10,0;0;21,48;
tarde;2055;2,0040;53,847;1408,9;278,5;10,0;0;21,17;
tarde;2056;2,0283;54,355;1462,9;286,5;10,0;0;20,63;
tarde;2057;2,0529;54,869;1517,5;296,0;10,0;0;20,44;
tarde;2058;2,0777;55,388;1572,6;305,0;10,0;0;20,15;
tarde;2059;2,1027;55,912;1628,3;313,0;10,0;0;19,74;
tarde;2060;2,1280;56,442;1684,4;280,5;12,0;1;27,22;climate-education
tarde;2061;2,1534;56,345;1740,9;62,9;15,0;6;28,48;treaties solar industrial-efficiency transit reforestation
tarde;2062;2,1787;55,912;1797,1;5,2;15,0;7;26,83;wind
tarde;2063;2,2037;55,337;1852,7;18,8;15,0;7;25,51;
tarde;2064;2,2285;54,770;1907,8;32,5;15,0;7;24,40;
tarde;2065;2,2530;54,211;1962,3;46,6;15,0;7;23,75;
tarde;2066;2,2773;53,661;2016,2;59,3;15,0;7;23,15;
tarde;2067;2,3013;53,079;2069,6;2,5;15,0;8;22,51;storage
tarde;2068;2,3251;52,305;2122,4;15,3;15,0;8;21,99;
tarde;2069;2,3484;51,545;2174,3;29,4;15,0;8;21,67;
tarde;2070;2,3715;50,799;2225,5;41,7;15,0;8;21,12;
tarde;2071;2,3942;50,067;2275,9;53,5;15,0;8;20,27;
tarde;2072;2,4166;49,348;2325,7;67,2;15,0;8;19,67;
tarde;2073;2,4386;48,512;2374,6;8,6;15,0;9;18,74;ev-fleet
tarde;2074;2,4602;47,650;2422,7;21,3;15,0;9;18,21;
tarde;2075;2,4815;46,807;2470,0;35,0;15,0;9;17,21;
tarde;2076;2,5024;45,981;2516,4;45,5;15,0;9;16,21;
tarde;2077;2,5229;45,173;2562,0;57,3;15,0;9;15,52;
tarde;2078;2,5430;44,383;2606,8;0,5;15,0;10;18,78;regen-agriculture
tarde;2079;2,5628;43,474;2650,7;13,7;15,0;10;18,25;
tarde;2080;2,5822;42,587;2693,8;26,9;15,0;10;17,39;
tarde;2081;2,6012;41,721;2735,9;41,5;15,0;10;16,67;
tarde;2082;2,6198;40,876;2777,2;53,8;15,0;10;15,92;
tarde;2083;2,6380;40,051;2817,7;64,3;15,0;10;14,80;
tarde;2084;2,6558;39,184;2857,4;8,4;15,0;11;14,00;circular-economy
tarde;2085;2,6732;38,280;2896,1;20,2;15,0;11;12,92;
tarde;2086;2,6903;37,399;2933,9;31,6;15,0;11;11,87;
tarde;2087;2,7069;36,542;2970,9;44,8;15,0;11;11,02;
tarde;2088;2,7232;35,707;3007,0;59,4;15,0;11;10,52;
tarde;2089;2,7391;34,885;3042,4;1,7;15,0;12;9,47;green-steel
tarde;2090;2,7546;33,987;3076,8;15,8;15,0;12;8,61;
tarde;2091;2,7697;33,115;3110,3;24,9;15,0;12;7,37;
tarde;2092;2,7844;32,268;3143,0;35,4;15,0;12;6,02;
tarde;2093;2,7987;31,442;3174,9;48,6;15,0;12;5,19;
tarde;2094;2,8127;30,637;3205,9;59,1;15,0;12;4,22;
tarde;2095;2,8263;29,853;3236,2;68,3;15,0;12;3,55;
tarde;2096;2,8395;29,039;3265,7;9,7;15,0;13;6,33;active-travel
tarde;2097;2,8524;28,237;3294,3;19,3;15,0;13;4,95;
tarde;2098;2,8650;27,457;3322,1;31,6;15,0;13;4,11;
tarde;2099;2,8772;26,699;3349,2;41,2;15,0;13;3,25;
tarde;2100;2,8890;25,961;3375,6;53,0;15,0;13;2,73;
contencao;2025;1,3700;40,753;0,0;0,0;10,0;0;50,00;
contencao;2026;1,3884;41,132;40,9;10,0;10,0;0;48,50;
contencao;2027;1,4070;41,515;82,2;20,0;10,0;0;46,94;
contencao;2028;1,4258;41,901;123,9;30,0;10,0;0;45,38;
contencao;2029;1,4447;42,290;166,0;0,0;12,0;1;51,88;climate-education
contencao;2030;1,4638;42,684;208,5;12,0;12,0;1;50,38;
contencao;2031;1,4831;43,081;251,3;24,0;12,0;1;48,81;
contencao;2032;1,5026;43,481;294,6;36,0;12,0;1;47,31;
contencao;2033;1,5222;43,757;338,2;7,5;12,0;2;45,59;solar
contencao;2034;1,5419;43,944;382,1;19,0;12,0;2;43,88;
contencao;2035;1,5617;44,130;426,1;30,5;12,0;2;42,22;
contencao;2036;1,5816;44,288;470,3;2,5;12,0;3;40,72;industrial-efficiency
contencao;2037;1,6016;44,298;514,6;13,0;12,0;3;38,75;
contencao;2038;1,6215;44,308;558,9;25,0;12,0;3;37,19;
contencao;2039;1,6415;44,317;603,2;37,0;12,0;3;35,69;
contencao;2040;1,6614;44,237;647,5;8,0;12,0;4;36,94;transit
contencao;2041;1,6813;44,113;691,7;19,5;12,0;4;35,22;
contencao;2042;1,7011;43,989;735,8;31,5;12,0;4;33,59;
contencao;2043;1,7209;43,843;779,7;1,1;12,0;5;31,96;reforestation
contencao;2044;1,7405;43,587;823,4;12,2;12,0;5;30,70;
contencao;2045;1,7601;43,334;866,9;23,8;12,0;5;29,64;
contencao;2046;1,7795;43,083;910,1;35,8;12,0;5;28,80;
contencao;2047;1,7989;42,834;953,1;46,9;12,0;5;27,79;
contencao;2048;1,8181;42,588;995,8;57,5;12,0;5;27,03;
contencao;2049;1,8372;42,345;1038,3;68,2;12,0;5;26,23;
contencao;2050;1,8562;42,099;1080,5;11,3;15,0;6;25,52;treaties
contencao;2051;1,8751;41,856;1122,5;25,4;15,0;6;24,96;
contencao;2052;1,8939;41,616;1164,2;39,5;15,0;6;24,10;
contencao;2053;1,9126;41,379;1205,7;52,3;15,0;6;23,61;
contencao;2054;1,9312;41,145;1247,0;67,3;15,0;6;23,36;
contencao;2055;1,9496;40,774;1288,0;11,3;15,0;7;22,97;wind
contencao;2056;1,9679;40,362;1328,6;26,3;15,0;7;22,91;
contencao;2057;1,9859;39,957;1368,7;40,4;15,0;7;22,48;
contencao;2058;2,0038;39,557;1408,5;55,0;15,0;7;22,14;
contencao;2059;2,0215;39,163;1447,9;69,1;15,0;7;21,87;
contencao;2060;2,0391;38,613;1486,8;12,3;15,0;8;21,41;storage
contencao;2061;2,0563;38,057;1525,1;24,1;15,0;8;20,57;
contencao;2062;2,0733;37,512;1562,9;37,8;15,0;8;20,11;
contencao;2063;2,0901;36,977;1600,2;50,1;15,0;8;19,56;
contencao;2064;2,1066;36,451;1636,9;63,3;15,0;8;19,04;
contencao;2065;2,1229;35,871;1673,1;7,8;15,0;9;18,77;ev-fleet
contencao;2066;2,1389;35,239;1708,7;21,5;15,0;9;18,13;
contencao;2067;2,1546;34,620;1743,6;34,3;15,0;9;17,49;
contencao;2068;2,1701;34,014;1777,9;47,4;15,0;9;16,74;
contencao;2069;2,1852;33,421;1811,7;61,5;15,0;9;16,07;
contencao;2070;2,2002;32,799;1844,8;5,6;15,0;10;19,58;regen-agriculture
contencao;2071;2,2148;32,132;1877,3;18,4;15,0;10;18,87;
contencao;2072;2,2291;31,481;1909,1;30,2;15,0;10;17,84;
contencao;2073;2,2431;30,845;1940,2;43,0;15,0;10;17,02;
contencao;2074;2,2569;30,225;1970,8;53,9;15,0;10;15,89;
contencao;2075;2,2703;29,604;2000,7;42,7;15,0;10;15,29;
contencao;2076;2,2835;28,998;2030,0;56,3;15,0;10;14,23;
contencao;2077;2,2964;28,407;2058,7;68,2;15,0;10;13,48;
contencao;2078;2,3091;27,757;2086,8;10,0;15,0;11;12,65;circular-economy
contencao;2079;2,3214;27,111;2114,3;24,6;15,0;11;12,09;
contencao;2080;2,3335;26,482;2141,1;37,8;15,0;11;11,37;
contencao;2081;2,3453;25,857;2167,3;27,0;15,0;11;10,75;
contencao;2082;2,3568;25,248;2192,8;42,0;15,0;11;10,02;
contencao;2083;2,3680;24,655;2217,8;54,7;15,0;11;9,34;
contencao;2084;2,3790;24,078;2242,2;69,3;15,0;11;8,92;
contencao;2085;2,3897;23,450;2265,9;11,1;15,0;12;8,15;green-steel
contencao;2086;2,4001;22,834;2289,1;23,9;15,0;12;7,47;
contencao;2087;2,4102;22,236;2311,6;37,1;15,0;12;6,71;
contencao;2088;2,4201;21,645;2333,6;25,8;15,0;12;6,23;
contencao;2089;2,4297;21,071;2355,0;39,0;15,0;12;5,67;
contencao;2090;2,4391;20,514;2375,8;52,7;15,0;12;4,99;
contencao;2091;2,4482;19,974;2396,0;66,3;15,0;12;4,48;
contencao;2092;2,4571;19,422;2415,7;9,5;15,0;13;7,70;active-travel
contencao;2093;2,4657;18,875;2434,9;21,4;15,0;13;6,69;
contencao;2094;2,4741;18,335;2453,5;7,9;15,0;13;5,71;
contencao;2095;2,4822;17,812;2471,6;20,6;15,0;13;5,10;
contencao;2096;2,4901;17,306;2489,2;32,5;15,0;13;4,54;
contencao;2097;2,4978;16,815;2506,2;44,3;15,0;13;4,27;
contencao;2098;2,5053;16,340;2522,8;55,3;15,0;13;3,84;
contencao;2099;2,5125;15,871;2538,9;42,7;15,0;13;3,39;
contencao;2100;2,5196;15,418;2554,6;53,6;15,0;13;3,01;
