ano;tensao_C;melhor_final_daqui_C;pior_final_daqui_C;melhor_medalha_possivel;pior_medalha_possivel;teto_de_quem_comeca_agora_C;comecar_agora_ja_perde;compras_no_ano
2025;0,8457;2,5196;3,3653;Bronze;nenhuma;2,5196;nao;0
2026;0,8457;2,5196;3,3653;Bronze;nenhuma;2,5196;nao;0
2027;0,8457;2,5196;3,3653;Bronze;nenhuma;2,5196;nao;0
2028;0,8457;2,5196;3,3653;Bronze;nenhuma;2,5196;nao;0
2029;0,8432;2,5196;3,3627;Bronze;nenhuma;2,5203;nao;1
2030;0,8432;2,5196;3,3627;Bronze;nenhuma;2,5245;nao;0
2031;0,8432;2,5196;3,3627;Bronze;nenhuma;2,5286;nao;0
2032;0,8432;2,5196;3,3627;Bronze;nenhuma;2,5325;nao;0
2033;0,5415;2,5196;3,0611;Bronze;nenhuma;2,5367;nao;1
2034;0,5415;2,5196;3,0611;Bronze;nenhuma;2,5450;nao;0
2035;0,5415;2,5196;3,0611;Bronze;nenhuma;2,5534;nao;0
2036;0,3622;2,5196;2,8818;Bronze;nenhuma;2,5614;nao;1
2037;0,3622;2,5196;2,8818;Bronze;nenhuma;2,5928;nao;0
2038;0,3622;2,5196;2,8818;Bronze;nenhuma;2,6016;nao;0
2039;0,3622;2,5196;2,8818;Bronze;nenhuma;2,6092;nao;0
2040;0,2564;2,5196;2,7760;Bronze;nenhuma;2,6176;nao;1
2041;0,2564;2,5196;2,7760;Bronze;nenhuma;2,6290;nao;0
2042;0,2564;2,5196;2,7760;Bronze;nenhuma;2,6396;nao;0
2043;0,1742;2,5196;2,6937;Bronze;nenhuma;2,6509;nao;1
2044;0,1742;2,5196;2,6937;Bronze;nenhuma;2,6622;nao;0
2045;0,1742;2,5196;2,6937;Bronze;nenhuma;2,6737;nao;0
2046;0,1742;2,5196;2,6937;Bronze;nenhuma;2,6875;nao;0
2047;0,1742;2,5196;2,6937;Bronze;nenhuma;2,6998;nao;0
2048;0,1742;2,5196;2,6937;Bronze;nenhuma;2,7129;nao;0
2049;0,1742;2,5196;2,6937;Bronze;nenhuma;2,7269;nao;0
2050;0,1714;2,5196;2,6910;Bronze;nenhuma;2,7416;nao;1
2051;0,1714;2,5196;2,6910;Bronze;nenhuma;2,7557;nao;0
2052;0,1714;2,5196;2,6910;Bronze;nenhuma;2,7698;nao;0
2053;0,1714;2,5196;2,6910;Bronze;nenhuma;2,7840;nao;0
2054;0,1714;2,5196;2,6910;Bronze;nenhuma;2,7992;nao;0
2055;0,1022;2,5196;2,6217;Bronze;nenhuma;2,8150;nao;1
2056;0,1022;2,5196;2,6217;Bronze;nenhuma;2,8308;nao;0
2057;0,1022;2,5196;2,6217;Bronze;nenhuma;2,8453;nao;0
2058;0,1022;2,5196;2,6217;Bronze;nenhuma;2,8612;nao;0
2059;0,1022;2,5196;2,6217;Bronze;nenhuma;2,8760;nao;0
2060;0,0534;2,5196;2,5730;Bronze;nenhuma;2,8908;nao;1
2061;0,0534;2,5196;2,5730;Bronze;nenhuma;2,9066;nao;0
2062;0,0534;2,5196;2,5730;Bronze;nenhuma;2,9216;nao;0
2063;0,0534;2,5196;2,5730;Bronze;nenhuma;2,9386;nao;0
2064;0,0534;2,5196;2,5730;Bronze;nenhuma;2,9556;nao;0
2065;0,0280;2,5196;2,5476;Bronze;Bronze;2,9719;nao;1
2066;0,0280;2,5196;2,5476;Bronze;Bronze;2,9882;nao;0
2067;0,0280;2,5196;2,5476;Bronze;Bronze;3,0041;sim;0
2068;0,0280;2,5196;2,5476;Bronze;Bronze;3,0200;sim;0
2069;0,0280;2,5196;2,5476;Bronze;Bronze;3,0354;sim;0
2070;0,0134;2,5196;2,5330;Bronze;Bronze;3,0510;sim;1
2071;0,0134;2,5196;2,5330;Bronze;Bronze;3,0670;sim;0
2072;0,0134;2,5196;2,5330;Bronze;Bronze;3,0836;sim;0
2073;0,0134;2,5196;2,5330;Bronze;Bronze;3,1002;sim;0
2074;0,0134;2,5196;2,5330;Bronze;Bronze;3,1158;sim;0
2075;0,0123;2,5196;2,5318;Bronze;Bronze;3,1318;sim;0
2076;0,0123;2,5196;2,5318;Bronze;Bronze;3,1469;sim;0
2077;0,0123;2,5196;2,5318;Bronze;Bronze;3,1615;sim;0
2078;0,0049;2,5196;2,5245;Bronze;Bronze;3,1757;sim;1
2079;0,0049;2,5196;2,5245;Bronze;Bronze;3,1901;sim;0
2080;0,0049;2,5196;2,5245;Bronze;Bronze;3,2037;sim;0
2081;0,0042;2,5196;2,5238;Bronze;Bronze;3,2174;sim;0
2082;0,0042;2,5196;2,5238;Bronze;Bronze;3,2313;sim;0
2083;0,0042;2,5196;2,5238;Bronze;Bronze;3,2446;sim;0
2084;0,0042;2,5196;2,5238;Bronze;Bronze;3,2574;sim;0
2085;0,0010;2,5196;2,5205;Bronze;Bronze;3,2695;sim;1
2086;0,0010;2,5196;2,5205;Bronze;Bronze;3,2810;sim;0
2087;0,0010;2,5196;2,5205;Bronze;Bronze;3,2919;sim;0
2088;0,0007;2,5196;2,5202;Bronze;Bronze;3,3023;sim;0
2089;0,0007;2,5196;2,5202;Bronze;Bronze;3,3118;sim;0
2090;0,0007;2,5196;2,5202;Bronze;Bronze;3,3208;sim;0
2091;0,0007;2,5196;2,5202;Bronze;Bronze;3,3291;sim;0
2092;0,0001;2,5196;2,5196;Bronze;Bronze;3,3365;sim;1
2093;0,0001;2,5196;2,5196;Bronze;Bronze;3,3432;sim;0
2094;0,0000;2,5196;2,5196;Bronze;Bronze;3,3493;sim;0
2095;0,0000;2,5196;2,5196;Bronze;Bronze;3,3545;sim;0
2096;0,0000;2,5196;2,5196;Bronze;Bronze;3,3587;sim;0
2097;0,0000;2,5196;2,5196;Bronze;Bronze;3,3619;sim;0
2098;0,0000;2,5196;2,5196;Bronze;Bronze;3,3641;sim;0
2099;0,0000;2,5196;2,5196;Bronze;Bronze;3,3652;sim;0
2100;0,0000;2,5196;2,5196;Bronze;Bronze;3,3653;sim;0
